<?xml version="1.0" encoding="UTF-8"?>
<project-private xmlns="http://www.netbeans.org/ns/project-private/1">
    <editor-bookmarks xmlns="http://www.netbeans.org/ns/editor-bookmarks/2" lastBookmarkId="0"/>
    <open-files xmlns="http://www.netbeans.org/ns/projectui-open-files/2">
        <group>
            <file>file:/C:/Users/Docente/Documents/NetBeansProjects/Almacen/src/ncMySql/MySql.java</file>
            <file>file:/C:/Users/Docente/Documents/NetBeansProjects/Almacen/src/Formularios/frmBackup.java</file>
            <file>file:/C:/Users/Docente/Documents/NetBeansProjects/Almacen/src/Formularios/frmLogin.java</file>
            <file>file:/C:/Users/Docente/Documents/NetBeansProjects/Almacen/src/Formularios/frmProductos.java</file>
            <file>file:/C:/Users/Docente/Documents/NetBeansProjects/Almacen/src/Formularios/frmUsuarios.java</file>
            <file>file:/C:/Users/Docente/Documents/NetBeansProjects/Almacen/src/Formularios/frmCaja.java</file>
            <file>file:/C:/Users/Docente/Documents/NetBeansProjects/Almacen/src/Formularios/DiskUtils.java</file>
            <file>file:/C:/Users/Docente/Documents/NetBeansProjects/Almacen/src/Formularios/frmPrincipal.java</file>
        </group>
    </open-files>
</project-private>
