<?xml version="1.0" encoding="UTF-8"?>
<project-private xmlns="http://www.netbeans.org/ns/project-private/1">
    <editor-bookmarks xmlns="http://www.netbeans.org/ns/editor-bookmarks/2" lastBookmarkId="0"/>
    <open-files xmlns="http://www.netbeans.org/ns/projectui-open-files/2">
        <group>
            <file>file:/E:/TOSHIBA/Marco/NetBeans/Gimnasio/src/formularios/frmProfesores.java</file>
            <file>file:/E:/TOSHIBA/Marco/NetBeans/Gimnasio/src/formularios/femRegistrarse.java</file>
            <file>file:/E:/TOSHIBA/Marco/NetBeans/Gimnasio/src/formularios/frmInicio.java</file>
            <file>file:/E:/TOSHIBA/Marco/NetBeans/Gimnasio/src/formularios/frmLogin.java</file>
            <file>file:/E:/TOSHIBA/Marco/NetBeans/Gimnasio/src/formularios/frmClientes.java</file>
        </group>
    </open-files>
</project-private>
